Model,Accuracy,Precision,Recall,F1,ROC_AUC
Logistic Regression,0.9245,0.9019033674963397,0.88,0.8908170643528561,0.9793725274725273
