Model,Accuracy,Precision,Recall,F1,ROC_AUC
Random Forest,0.902,0.8900928792569659,0.8214285714285714,0.8543833580980683,0.9705417582417583
XGBoost,0.919,0.8842857142857142,0.8842857142857142,0.8842857142857142,0.9777406593406593
